{
    "jeonju": {
        "position": [
            124.87057996133143,
            32.57406223971515,
            15.472520184326168
        ],
        "roation": [
            0,
            0,
            0
        ]
    }
}