{
    "subway_station_ifc4_design_Transfer": {
        "position": [
            126.90155172748098,
            37.453304722367406,
            124.9029368033365
        ],
        "roation": [
            0,
            0,
            0
        ]
    }
}