{
    "6_car_IFC4_Reference_View": {
        "position": [
            126.78802831233659,
            37.25991317863328,
            3.1650000000000498
        ],
        "roation": [
            0,
            0,
            0
        ]
    }
}