{
    "IFC4_Reference_View_un": {
        "position": [
            126.90155172748098,
            37.453304722367406,
            124.9029368032675
        ],
        "roation": [
            0,
            0,
            0
        ]
    }
}