{
    "subway_station_ifc2x3": {
        "position": [
            126.90155172748098,
            37.453304722367406,
            124.9029368032675
        ],
        "roation": [
            0,
            0,
            0
        ]
    }
}