{
    "6_car_IFC2x3_Reference_View": {
        "position": [
            126.78802831233659,
            37.25991317863328,
            3.16500000002035
        ],
        "roation": [
            0,
            0,
            0
        ]
    }
}