{
    "subway_station_ifc4_reference_view": {
        "position": [
            126.90155172748098,
            37.453304722367406,
            35.9029385
        ],
        "roation": [
            0,
            0,
            0
        ]
    }
}



