{
    "6_oil_IFC4_Reference_View": {
        "position": [
            126.78801786367241,
            37.26048146514058,
            2.378986803392475
        ],
        "roation": [
            0,
            0,
            0
        ]
    }
}