{
    "IFC4_Design_Transfer_View_un": {
        "position": [
            126.90155172748098,
            37.453304722367406,
            124.9029368033365
        ],
        "roation": [
            0,
            0,
            0
        ]
    }
}